{
  "source": "scripts/hqiv_earth_outside_closure.py",
  "lean_modules": [
    "Hqiv.Physics.NuclearOutsideTemperatureDynamics",
    "Hqiv.Physics.ProtonMassDecomposition",
    "Hqiv.Physics.HomogeneousCurvatureSecondOrder"
  ],
  "formula": {
    "K": "B_curv(xi) * f_g(epsilon)",
    "B_curv": "curvature_budget_at_xi(xi, xi_lock); unity at xi_lock=5",
    "xi_age": "T_Pl_MeV / (k_B * T_K)",
    "f_g": "1 + gamma * ((1 + epsilon)^alpha - 1); alpha=3/5, gamma=2/5",
    "epsilon": "GM/(Rc^2) stack + CMB dipole v/c"
  },
  "policy": "K_mass_chart uses xi_lock (B_curv=1, gravity well only). K_ambient uses lab temperature xi for width/lifetime pipelines. Not a fit knob: lattice rationals + SI gravity stack + CMB T.",
  "earth_default": {
    "xi_lock": 5.0,
    "xi_ambient": 4.722652058279729e+29,
    "xi_cmb": 5.199249972418049e+31,
    "B_curv_lock": 1.0,
    "B_curv_ambient": 0.8349259208011839,
    "B_curv_cmb": 0.8340316041114744,
    "f_gravity": 1.0000001475069977,
    "f_kinetic": 1.0002959878155255,
    "f_gravity_combined": 1.000296135249801,
    "K_mass_chart": 1.000296135249801,
    "K_ambient": 0.8351731717973057,
    "K_cmb": 0.8342785902688998,
    "K_imprint": 0.0,
    "temperature_modulator_ambient": 0.7797960697709923,
    "outside_modulator_ambient": 0.7800269948749077,
    "increment_vs_anchor": 0.0002961352498009884,
    "support_ratio_vs_cmb": 0.9982506429209693,
    "gravity_phi_epsilon": 6.14612566152857e-07,
    "cmb_proper_motion_v_over_c": 0.001233586736861806,
    "gravity_stack": {
      "earth": 6.953485068002883e-10,
      "sun": 9.870628715107786e-09,
      "galaxy": 6.040465889309489e-07,
      "molecular": 0.0,
      "total": 6.14612566152857e-07,
      "total_gravity": 6.14612566152857e-07
    }
  },
  "presets": {
    "earth_surface_300K_full_gravity": {
      "xi_lock": 5.0,
      "xi_ambient": 4.722652058279729e+29,
      "xi_cmb": 5.199249972418049e+31,
      "B_curv_lock": 1.0,
      "B_curv_ambient": 0.8349259208011839,
      "B_curv_cmb": 0.8340316041114744,
      "f_gravity": 1.0000001475069977,
      "f_kinetic": 1.0002959878155255,
      "f_gravity_combined": 1.000296135249801,
      "K_mass_chart": 1.000296135249801,
      "K_ambient": 0.8351731717973057,
      "K_cmb": 0.8342785902688998,
      "K_imprint": 0.0,
      "temperature_modulator_ambient": 0.7797960697709923,
      "outside_modulator_ambient": 0.7800269948749077,
      "increment_vs_anchor": 0.0002961352498009884,
      "support_ratio_vs_cmb": 0.9982506429209693,
      "gravity_phi_epsilon": 6.14612566152857e-07,
      "cmb_proper_motion_v_over_c": 0.001233586736861806,
      "gravity_stack": {
        "earth": 6.953485068002883e-10,
        "sun": 9.870628715107786e-09,
        "galaxy": 6.040465889309489e-07,
        "molecular": 0.0,
        "total": 6.14612566152857e-07,
        "total_gravity": 6.14612566152857e-07
      }
    },
    "earth_surface_cmb_temperature_full_gravity": {
      "xi_lock": 5.0,
      "xi_ambient": 5.199249972418049e+31,
      "xi_cmb": 5.199249972418049e+31,
      "B_curv_lock": 1.0,
      "B_curv_ambient": 0.8340316041114744,
      "B_curv_cmb": 0.8340316041114744,
      "f_gravity": 1.0000001475069977,
      "f_kinetic": 1.0002959878155255,
      "f_gravity_combined": 1.000296135249801,
      "K_mass_chart": 1.000296135249801,
      "K_ambient": 0.8342785902688998,
      "K_cmb": 0.8342785902688998,
      "K_imprint": 0.0,
      "temperature_modulator_ambient": 0.7786624491295883,
      "outside_modulator_ambient": 0.7788930385284719,
      "increment_vs_anchor": 0.0002961352498009884,
      "support_ratio_vs_cmb": 0.999703952420323,
      "gravity_phi_epsilon": 6.14612566152857e-07,
      "cmb_proper_motion_v_over_c": 0.001233586736861806,
      "gravity_stack": {
        "earth": 6.953485068002883e-10,
        "sun": 9.870628715107786e-09,
        "galaxy": 6.040465889309489e-07,
        "molecular": 0.0,
        "total": 6.14612566152857e-07,
        "total_gravity": 6.14612566152857e-07
      }
    },
    "deep_space_cmb_reference": {
      "xi_lock": 5.0,
      "xi_ambient": 5.199249972418049e+31,
      "xi_cmb": 5.199249972418049e+31,
      "B_curv_lock": 1.0,
      "B_curv_ambient": 0.8340316041114744,
      "B_curv_cmb": 0.8340316041114744,
      "f_gravity": 1.0,
      "f_kinetic": 1.0,
      "f_gravity_combined": 1.0,
      "K_mass_chart": 1.0,
      "K_ambient": 0.8340316041114744,
      "K_cmb": 0.8340316041114744,
      "K_imprint": 0.0,
      "temperature_modulator_ambient": 0.7786624491295883,
      "outside_modulator_ambient": 0.7786624491295883,
      "increment_vs_anchor": 0.0,
      "support_ratio_vs_cmb": 1.0,
      "gravity_phi_epsilon": 0.0,
      "cmb_proper_motion_v_over_c": 0.0,
      "gravity_stack": {
        "earth": 0.0,
        "sun": 0.0,
        "galaxy": 0.0,
        "molecular": 0.0,
        "total": 0.0,
        "total_gravity": 0.0
      }
    },
    "lockin_anchor_neutral": {
      "xi_lock": 5.0,
      "xi_ambient": 5.0,
      "xi_cmb": 5.199249972418049e+31,
      "B_curv_lock": 1.0,
      "B_curv_ambient": 1.0,
      "B_curv_cmb": 0.8340316041114744,
      "f_gravity": 1.0,
      "f_kinetic": 1.0,
      "f_gravity_combined": 1.0,
      "K_mass_chart": 1.0,
      "K_ambient": 1.0,
      "K_cmb": 0.8340316041114744,
      "K_imprint": 0.0,
      "temperature_modulator_ambient": 1.0,
      "outside_modulator_ambient": 1.0,
      "increment_vs_anchor": 0.0,
      "support_ratio_vs_cmb": 0.9985462601244747,
      "gravity_phi_epsilon": 0.0,
      "cmb_proper_motion_v_over_c": 0.0,
      "gravity_stack": {
        "earth": 0.0,
        "sun": 0.0,
        "galaxy": 0.0,
        "molecular": 0.0,
        "total": 0.0,
        "total_gravity": 0.0
      }
    },
    "bbn_T_0p1_MeV": {
      "xi_lock": 5.0,
      "xi_ambient": 1.2209e+23,
      "xi_cmb": 5.199249972418049e+31,
      "B_curv_lock": 1.0,
      "B_curv_ambient": 0.8386897291155755,
      "B_curv_cmb": 0.8340316041114744,
      "f_gravity": 1.0,
      "f_kinetic": 1.0,
      "f_gravity_combined": 1.0,
      "K_mass_chart": 1.0,
      "K_ambient": 0.8386897291155755,
      "K_cmb": 0.8340316041114744,
      "K_imprint": 0.0,
      "temperature_modulator_ambient": 0.7845740221589282,
      "outside_modulator_ambient": 0.7845740221589282,
      "increment_vs_anchor": 0.0,
      "support_ratio_vs_cmb": 0.992465245008912,
      "gravity_phi_epsilon": 0.0,
      "cmb_proper_motion_v_over_c": 0.0,
      "gravity_stack": {
        "earth": 0.0,
        "sun": 0.0,
        "galaxy": 0.0,
        "molecular": 0.0,
        "total": 0.0,
        "total_gravity": 0.0
      }
    }
  },
  "usage": {
    "mass_ledger": "multiply outside own-binding increment by K_mass_chart",
    "width_ledger": "multiply outside caustic depth by K_ambient",
    "bbn_epochs": "K at hot xi from outside_curvature_binding_modulator (bonded/free)"
  },
  "slot_ppm": {
    "K_mass_chart_minus_1_ppm": 296.1352498009884,
    "K_ambient_minus_1_ppm": -164826.82820269433,
    "increment_vs_anchor_ppm": 296.1352498009884
  }
}
