{
  "source": "HQIV integrator \u2194 Lean witness audit",
  "python_script": "scripts/hqiv_integrator_lean_audit.py",
  "policy": "Comparison targets (Coc et al. band) are not integrator inputs. Faithful BBN integrator: synthesis-window D/H, coupled neutron inventory, post-synthesis Y_p. Dynamic bulk row retained for C\u2082 decomposition scaffold.",
  "lean_alignment": [
    "Hqiv.Physics.HopfShellBeltramiMassBridge.tuftHopfKappa6AtXi",
    "Hqiv.Physics.HopfShellBeltramiMassBridge.tuftLapseConcentrationAtXi",
    "Hqiv.Physics.DynamicBBNBaryogenesis.bbnDynamicC2OpportunitySuppression",
    "Hqiv.Physics.DynamicBBNBaryogenesis.bbnShellReactionOpportunity_dynamic_integrator"
  ],
  "constants": {
    "alpha": 0.6,
    "gamma": 0.4,
    "eta_paper": 6.1e-10,
    "xi_lockin": 5.0,
    "referenceM": 4,
    "C2_at_xi_lockin": 1.2444444444444442,
    "C2_at_xi_lockin_expected": 1.2444444444444445,
    "C2_lockin_match": true
  },
  "bbn_dynamic_C2_at_eta10_6p2": {
    "eta": 6.2e-10,
    "T_freeze_MeV": 0.7086681656851753,
    "T_bottleneck_MeV": 0.14173363313703508,
    "lapse_exponent_at_0p1_MeV": 0.3039693187342923,
    "lapse_exponent_at_freeze": 0.304193066053293
  },
  "bbn_dynamic_C2_ladder": [
    {
      "T_MeV": 10.0,
      "eta": 6.2e-10,
      "xi": 1.2209e+21,
      "T_freeze_MeV": 0.7086681656851753,
      "T_bottleneck_MeV": 0.14173363313703508,
      "Q_D_eff_MeV": 1.9687118912123123,
      "lapse_exponent": 0.30451846731822313,
      "B_curv": 0.8402048993933485,
      "C2": 1.3294244444444441e+20,
      "C2_over_C2_ref": 0.07086681656851752,
      "kappa6": 27254529930.93026,
      "kappa6_over_kappa6_ref": 0.07094262418652854,
      "c2_opportunity_suppression": 1.0
    },
    {
      "T_MeV": 1.0,
      "eta": 6.2e-10,
      "xi": 1.2209e+22,
      "T_freeze_MeV": 0.7086681656851753,
      "T_bottleneck_MeV": 0.14173363313703508,
      "Q_D_eff_MeV": 1.966871857172307,
      "lapse_exponent": 0.3042338526175263,
      "B_curv": 0.8394196114990844,
      "C2": 1.3294244444444445e+21,
      "C2_over_C2_ref": 0.7086681656851753,
      "kappa6": 272290567964.19778,
      "kappa6_over_kappa6_ref": 0.7087631847467036,
      "c2_opportunity_suppression": 1.0
    },
    {
      "T_MeV": 0.15,
      "eta": 6.2e-10,
      "xi": 8.139333333333333e+22,
      "T_freeze_MeV": 0.7086681656851753,
      "T_bottleneck_MeV": 0.14173363313703508,
      "Q_D_eff_MeV": 1.9654539911018019,
      "lapse_exponent": 0.30401453845348836,
      "B_curv": 0.8388144960302137,
      "C2": 8.862829629629628e+21,
      "C2_over_C2_ref": 4.724454437901168,
      "kappa6": 1813961872479.779,
      "kappa6_over_kappa6_ref": 4.721681707009803,
      "c2_opportunity_suppression": 1.0
    },
    {
      "T_MeV": 0.1,
      "eta": 6.2e-10,
      "xi": 1.2209e+23,
      "T_freeze_MeV": 0.7086681656851753,
      "T_bottleneck_MeV": 0.14173363313703508,
      "Q_D_eff_MeV": 1.9651616456171994,
      "lapse_exponent": 0.3039693187342923,
      "B_curv": 0.8386897291155755,
      "C2": 1.3294244444444442e+22,
      "C2_over_C2_ref": 7.086681656851752,
      "kappa6": 2720538090345.3945,
      "kappa6_over_kappa6_ref": 7.0814690922068575,
      "c2_opportunity_suppression": 0.5515546879240701
    },
    {
      "T_MeV": 0.01,
      "eta": 6.2e-10,
      "xi": 1.2209e+24,
      "T_freeze_MeV": 0.7086681656851753,
      "T_bottleneck_MeV": 0.14173363313703508,
      "Q_D_eff_MeV": 1.9635679859799362,
      "lapse_exponent": 0.30372281298993603,
      "B_curv": 0.8380095886434368,
      "C2": 1.3294244444444443e+23,
      "C2_over_C2_ref": 70.86681656851752,
      "kappa6": 27183318536442.605,
      "kappa6_over_kappa6_ref": 70.75726332322473,
      "c2_opportunity_suppression": 0.27427254738864354
    }
  ],
  "stoichiometric_spine": {
    "lean_module": "Hqiv.Physics.BBNStoichiometricIntegrator",
    "python_module": "scripts/hqiv_bbn_condition_decay.py",
    "constants": {
      "bbnSynthesisDWindowHighMeV": 1.0,
      "bbnHe3SynthesisLowMeV": 0.05,
      "bbnHe3SynthesisMidMeV": 0.18,
      "bbnHe3SynthesisHighMeV": 0.45,
      "bbnHe3Be7FeedMidMeV": 0.15,
      "bbnHe3Be7FeedHighMeV": 0.35,
      "bbnAlphaSynthesisGateLowMeV": 0.035,
      "bbnAlphaSynthesisGateWidthMeV": 0.06
    },
    "gate_samples_at_T_0p2_MeV": {
      "bbnHe3SynthesisGate": 0.9259259259259258,
      "bbnHe3Be7FeedGate": 0.7499999999999999,
      "bbnAlphaSynthesisGate": 1.0,
      "bbnNpToDeuteriumSynthesisGate": 1.0,
      "bbnSynthesisDWindowTailGate": 1.0,
      "bbnDynamicC2OpportunitySuppression": 1.0
    },
    "strong_deposition_boost": {
      "bbnSynthesisStrongDepositionBoost": 1.3
    },
    "window_bounds": {
      "bbnSynthesisDWindowLowMeV": 0.1430081323965505,
      "bbnSynthesisDWindowPeakMeV": 0.18,
      "bbnHe3SynthesisWindowHighMeV": 0.45,
      "bbnHe3SynthesisWindowLowMeV": 0.05
    },
    "python_to_lean": [
      [
        "HE3_SYNTH_LOW_MEV",
        "bbnHe3SynthesisLowMeV"
      ],
      [
        "HE3_SYNTH_MID_MEV",
        "bbnHe3SynthesisMidMeV"
      ],
      [
        "HE3_SYNTH_HIGH_MEV",
        "bbnHe3SynthesisHighMeV"
      ],
      [
        "he3_synthesis_gate",
        "bbnHe3SynthesisGate"
      ],
      [
        "he3_be7_feed_gate",
        "bbnHe3Be7FeedGate"
      ],
      [
        "alpha_synthesis_gate",
        "bbnAlphaSynthesisGate"
      ],
      [
        "np_to_deuterium_synthesis_gate",
        "bbnNpToDeuteriumSynthesisGate"
      ],
      [
        "synthesis_d_window_tail_gate",
        "bbnSynthesisDWindowTailGate"
      ],
      [
        "synthesis_strong_deposition_boost",
        "bbnSynthesisStrongDepositionBoost"
      ],
      [
        "trimer_width_suppress_at_T",
        "bbnTrimerWidthStrongSuppressAtT"
      ],
      [
        "synthesis_window_end_mev",
        "bbnSynthesisWindowEndMeV"
      ],
      [
        "bbn_binding_release_factor",
        "bbnBindingReleaseFactor"
      ],
      [
        "bbn_dynamic_c2_opportunity_suppression",
        "bbnDynamicC2OpportunitySuppression"
      ]
    ]
  },
  "faithful_bbn_integrator": {
    "integrator": "hqiv_bbn_integrator.py",
    "payload_path": "data/bbn_integrator.json",
    "eta": 6.1e-10,
    "eta10": 6.1,
    "Yp": 0.24421989482751755,
    "D_over_H": 2.5118500223186595e-05,
    "He3_over_H": 1.0121588962277262e-05,
    "Li7_over_H": 2.5361773451891707e-10,
    "opportunity_mode": "synthesis_window_stoichiometric_inventory",
    "synthesis_d_window": {
      "enabled": true,
      "T_high_MeV": 1.0,
      "T_peak_MeV": 0.18,
      "T_low_MeV": 0.1430081323965505,
      "tail_gate": "synthesis_d_window_tail_gate (unity \u2265 T_peak; linear fade T_bn\u2192T_peak)",
      "notes": "D/H log-weighted over MeV synthesis through T_bn; below \u00b3He mid-gate T_peak weights taper (thermal crush tail). n+p\u2192D capture + strong deposition boost \u03b3\u00b7strong\u00b7(1+g_np+c\u2082); Y_p from post-synthesis neutron inventory."
    },
    "he3_synthesis_window": {
      "enabled": true,
      "T_high_MeV": 0.45,
      "T_low_MeV": 0.05,
      "notes": "\u00b3He/H integrated on 0.45\u21920.05 MeV ladder (extended synthesis gate)."
    },
    "free_neutron_curvature_channel": {
      "enabled": true,
      "coupled_inventory": true,
      "post_freeze_survival": false,
      "tau_ratio_at_freeze": 1.1865669029029051,
      "x_n_at_freeze": 0.14836758277706208,
      "x_n_at_T_low": 0.13909480697955973,
      "Y_p_bare_equilibrium": 0.2469135802469136,
      "delta_Y_p": -0.002693685419396047,
      "D_over_H_bare_uncoupled": 2.4887537704204818e-05,
      "delta_D_over_H": 2.3096251898177702e-07,
      "lean_modules": [
        "Hqiv.Physics.NuclearOutsideTemperatureDynamics",
        "Hqiv.Physics.BBNStoichiometricIntegrator"
      ],
      "notes": "Unified march: outside modulator + \u03bd-width set \u03c4_n(T); inventory scales n+p\u2192D and D+D\u2192\u2074He; Y_p and D/H from the same x_n ladder."
    },