{
  "source": "scripts/hqiv_curvature_binding_program.py",
  "summary": {
    "policy": "Authoritative witness: curvature + G_eff mass ledger (cluster_binding_canonical_mev; light panel |\u0394M|/M \u2248 0.003%). Outside ledger includes Earth K_mass_chart = B_curv(\u03be_lock)\u00b7f_g(\u03b5) (gravity well at \u03be_lock; unity B_curv). PDG total B columns are comparison-only (reference nucleon masses).",
    "binding_shell_m": 4,
    "alpha": 0.6,
    "outside_closure_K_mass_chart": 1.000296135249801,
    "earth_outside_closure": {
      "xi_lock": 5.0,
      "xi_ambient": 4.722652058279729e+29,
      "xi_cmb": 5.199249972418049e+31,
      "B_curv_lock": 1.0,
      "B_curv_ambient": 0.8349259208011839,
      "B_curv_cmb": 0.8340316041114744,
      "f_gravity": 1.0000001475069977,
      "f_kinetic": 1.0002959878155255,
      "f_gravity_combined": 1.000296135249801,
      "K_mass_chart": 1.000296135249801,
      "K_ambient": 0.8351731717973057,
      "K_cmb": 0.8342785902688998,
      "K_imprint": 0.0,
      "temperature_modulator_ambient": 0.7797960697709923,
      "outside_modulator_ambient": 0.7800269948749077,
      "increment_vs_anchor": 0.0002961352498009884,
      "support_ratio_vs_cmb": 0.9982506429209693,
      "gravity_phi_epsilon": 6.14612566152857e-07,
      "cmb_proper_motion_v_over_c": 0.001233586736861806,
      "gravity_stack": {
        "earth": 6.953485068002883e-10,
        "sun": 9.870628715107786e-09,
        "galaxy": 6.040465889309489e-07,
        "molecular": 0.0,
        "total": 6.14612566152857e-07,
        "total_gravity": 6.14612566152857e-07
      }
    },
    "formula": {
      "inside": "A \u00d7 trace \u00d7 \u0394(metaHorizonTrappedInsideRatio)",
      "outside": "contact_units \u00d7 G_eff(\u03b8/\u03b8\u2080) \u00d7 trace \u00d7 K_mass_chart",
      "lean_module": "Hqiv.Physics.NuclearCurvatureBinding"
    },
    "panel_error_summary": {
      "mean_abs_mass_error_pct_light_panel": 0.0030801927152898697,
      "mean_abs_curvature_total_error_pct_vs_pdg_b": 1.20779838039069
    },
    "he4_reference": {
      "pdg_total_MeV": 28.2957,
      "curvature_MeV": 27.794486852824846,
      "inside_MeV": 2.4422941465750263,
      "outside_MeV": 25.35219270624982,
      "G_eff": 0.640582903242416,
      "horizon_scale_witness_MeV": 32.42097336537109,
      "caustic_MeV": 20.453946016225633
    },
    "deuteron_reference": {
      "pdg_total_MeV": 2.2246,
      "curvature_MeV": 2.1859497282449936,
      "horizon_scale_witness_MeV": 11.414222810668111
    },
    "network_spine": "shared-well: G_eff\u00d7trace\u00d7A\u00d7(1+vc/6)\u00d7D_intr + \u03b3-network + barbell + tetra + post-\u03b1; mass-deficit FP; spin\u2013magnetic residual on outside",
    "spin_magnetic_residual": "\u03b3\u00b7(4/8)\u00b7(\u03b3\u00b2\u00b7vc/(cap\u00b7R_m) + spinStab\u00b7|A\u22122Z|/A\u00b7vc/cap) \u2014 Lean nuclearSpinMagneticResidualParticipation"
  },
  "rows": [
    {
      "label": "\u00b2H",
      "A": 2,
      "Z": 1,
      "m": 4,
      "m_cluster": 5,
      "theta_rad": 0.8190580846859103,
      "eta": 0.5214285714285715,
      "g_eff_contact": 0.6765764775702222,
      "trace_mev": 0.8786749038688855,
      "contact_units": 2.0,
      "intrinsic_well_deepening": 1.0833333333333333,
      "mass_deficit_factor": 1.0002329761010502,
      "outside_ladder_mev": 1.595877448528597,
      "outside_gamma_network_mev": 0.0,
      "outside_tetra_closure_mev": 0.0,
      "outside_post_alpha_mev": 0.0,
      "inside_mev": 0.585821432568597,
      "outside_mev": 1.6001282956763967,
      "total_curvature_mev": 2.1859497282449936,
      "outside_mev_chart": 1.599654581567289,
      "total_curvature_mev_chart": 2.1854760141358858,
      "outside_closure_k_mass_chart": 1.000296135249801,
      "be_per_a_curvature": 1.0929748641224968,
      "horizon_scale_witness_mev": 11.414222810668111,
      "binding_constructive_ladder_mev": 2.3431330769836944,
      "binding_caustic_curvature_mev": 8.195303306347338,
      "pdg_binding_total_mev": 2.2246,
      "pdg_be_per_a_mev": 1.1123,
      "curvature_total_error_pct": -1.7374032075432244,
      "notes": "network: ladder+\u03b3+tetra+post\u03b1; D_intr=1.083 mass\u00d71.0002. K_mass_chart=1.000296135 on outside ledger (Earth gravity well)."
    },
    {
      "label": "\u00b3H",
      "A": 3,
      "Z": 1,
      "m": 4,
      "m_cluster": 5,
      "theta_rad": 0.8190580846859103,
      "eta": 0.5214285714285715,
      "g_eff_contact": 0.6765764775702222,
      "trace_mev": 0.8786749038688855,
      "contact_units": 4.0,
      "intrinsic_well_deepening": 1.25,
      "mass_deficit_factor": 1.0005984742987146,
      "outside_ladder_mev": 3.7155673211810254,
      "outside_gamma_network_mev": 3.4718261049115506,
      "outside_tetra_closure_mev": 0.0,
      "outside_post_alpha_mev": 0.0,
      "inside_mev": 0.8787321488528954,
      "outside_mev": 7.54424380062299,
      "total_curvature_mev": 8.422975949475886,
      "outside_mev_chart": 7.5420103455053225,
      "total_curvature_mev_chart": 8.420742494358217,
      "outside_closure_k_mass_chart": 1.000296135249801,
      "be_per_a_curvature": 2.8076586498252953,
      "horizon_scale_witness_mev": 22.828445621336222,
      "binding_constructive_ladder_mev": 4.393374519344427,
      "binding_caustic_curvature_mev": 10.390584491076321,
      "pdg_binding_total_mev": 8.4818,
      "pdg_be_per_a_mev": 2.8272666666666666,
      "curvature_total_error_pct": -0.6935326289716123,
      "notes": "network: ladder+\u03b3+tetra+post\u03b1; D_intr=1.250 mass\u00d71.0006. K_mass_chart=1.000296135 on outside ledger (Earth gravity well)."
    },
    {
      "label": "\u00b3He",
      "A": 3,
      "Z": 2,
      "m": 4,
      "m_cluster": 5,
      "theta_rad": 0.8190580846859103,
      "eta": 0.5214285714285715,
      "g_eff_contact": 0.6765764775702222,
      "trace_mev": 0.8786749038688855,
      "contact_units": 4.0,
      "intrinsic_well_deepening": 1.25,
      "mass_deficit_factor": 1.0005471542719147,
      "outside_ladder_mev": 3.7155673211810254,
      "outside_gamma_network_mev": 3.4718261049115506,
      "outside_tetra_closure_mev": 0.0,
      "outside_post_alpha_mev": 0.0,
      "inside_mev": 0.8787321488528954,
      "outside_mev": 6.821961569973424,
      "total_curvature_mev": 7.70069371882632,
      "outside_mev_chart": 6.819941944761983,
      "total_curvature_mev_chart": 7.698674093614879,
      "outside_closure_k_mass_chart": 1.000296135249801,
      "be_per_a_curvature": 2.56689790627544,
      "horizon_scale_witness_mev": 22.828445621336222,
      "binding_constructive_ladder_mev": 4.393374519344427,
      "binding_caustic_curvature_mev": 10.390584491076321,
      "pdg_binding_total_mev": 7.718,
      "pdg_be_per_a_mev": 2.5726666666666667,
      "curvature_total_error_pct": -0.22423271797979244,
      "notes": "network: ladder+\u03b3+tetra+post\u03b1; D_intr=1.250 mass\u00d71.0005. K_mass_chart=1.000296135 on outside ledger (Earth gravity well)."
    },
    {
      "label": "\u2074He",
      "A": 4,
      "Z": 2,
      "m": 4,
      "m_cluster": 6,
      "theta_rad": 0.7477311086222646,
      "eta": 0.4760204081632653,
      "g_eff_contact": 0.640582903242416,
      "trace_mev": 0.8786749038688855,
      "contact_units": 6.0,
      "intrinsic_well_deepening": 1.4166666666666665,
      "mass_deficit_factor": 1.0014811528128928,
      "outside_ladder_mev": 6.379126703834589,
      "outside_gamma_network_mev": 8.220317783843317,
      "outside_tetra_closure_mev": 10.546822817006522,
      "outside_post_alpha_mev": 0.0,
      "inside_mev": 2.4422941465750263,
      "outside_mev": 25.35219270624982,
      "total_curvature_mev": 27.794486852824846,
      "outside_mev_chart": 25.34468725095963,
      "total_curvature_mev_chart": 27.786981397534657,
      "outside_closure_k_mass_chart": 1.000296135249801,
      "be_per_a_curvature": 6.948621713206212,
      "horizon_scale_witness_mev": 32.42097336537109,