{
  "source": "scripts/hqiv_curvature_binding_program.py",
  "summary": {
    "policy": "Authoritative witness: curvature + G_eff mass ledger (cluster_binding_canonical_mev; light panel |\u0394M|/M \u2248 0.003%). PDG total B columns are comparison-only (reference nucleon masses).",
    "binding_shell_m": 4,
    "alpha": 0.6,
    "formula": {
      "inside": "A \u00d7 trace \u00d7 \u0394(metaHorizonTrappedInsideRatio)",
      "outside": "contact_units \u00d7 G_eff(\u03b8/\u03b8\u2080) \u00d7 trace",
      "lean_module": "Hqiv.Physics.NuclearCurvatureBinding"
    },
    "panel_error_summary": {
      "mean_abs_mass_error_pct_light_panel": 0.0030801927152898697,
      "mean_abs_curvature_total_error_pct_vs_pdg_b": 1.2076924594554932
    },
    "he4_reference": {
      "pdg_total_MeV": 28.2957,
      "curvature_MeV": 27.786971261957287,
      "inside_MeV": 2.4422941465750263,
      "outside_MeV": 25.34467711538226,
      "G_eff": 0.640582903242416,
      "horizon_scale_witness_MeV": 32.42097336537109,
      "caustic_MeV": 20.453946016225633
    },
    "deuteron_reference": {
      "pdg_total_MeV": 2.2246,
      "curvature_MeV": 2.1854759333776914,
      "horizon_scale_witness_MeV": 11.414222810668111
    },
    "network_spine": "shared-well: G_eff\u00d7trace\u00d7A\u00d7(1+vc/6)\u00d7D_intr + \u03b3-network + barbell + tetra + post-\u03b1; mass-deficit FP; spin\u2013magnetic residual on outside",
    "spin_magnetic_residual": "\u03b3\u00b7(4/8)\u00b7(\u03b3\u00b2\u00b7vc/(cap\u00b7R_m) + spinStab\u00b7|A\u22122Z|/A\u00b7vc/cap) \u2014 Lean nuclearSpinMagneticResidualParticipation"
  },
  "rows": [
    {
      "label": "\u00b2H",
      "A": 2,
      "Z": 1,
      "m": 4,
      "m_cluster": 5,
      "theta_rad": 0.8190580846859103,
      "eta": 0.5214285714285715,
      "g_eff_contact": 0.6765764775702222,
      "trace_mev": 0.8786749038688855,
      "contact_units": 2.0,
      "intrinsic_well_deepening": 1.0833333333333333,
      "mass_deficit_factor": 1.000232925604518,
      "outside_ladder_mev": 1.595877448528597,
      "outside_gamma_network_mev": 0.0,
      "outside_tetra_closure_mev": 0.0,
      "outside_post_alpha_mev": 0.0,
      "inside_mev": 0.585821432568597,
      "outside_mev": 1.5996545008090945,
      "total_curvature_mev": 2.1854759333776914,
      "be_per_a_curvature": 1.0927379666888457,
      "horizon_scale_witness_mev": 11.414222810668111,
      "binding_constructive_ladder_mev": 2.3431330769836944,
      "binding_caustic_curvature_mev": 8.195303306347338,
      "pdg_binding_total_mev": 2.2246,
      "pdg_be_per_a_mev": 1.1123,
      "curvature_total_error_pct": -1.7587011877330176,
      "notes": "network: ladder+\u03b3+tetra+post\u03b1; D_intr=1.083 mass\u00d71.0002."
    },
    {
      "label": "\u00b3H",
      "A": 3,
      "Z": 1,
      "m": 4,
      "m_cluster": 5,
      "theta_rad": 0.8190580846859103,
      "eta": 0.5214285714285715,
      "g_eff_contact": 0.6765764775702222,
      "trace_mev": 0.8786749038688855,
      "contact_units": 4.0,
      "intrinsic_well_deepening": 1.25,
      "mass_deficit_factor": 1.0005983155208977,
      "outside_ladder_mev": 3.7155673211810254,
      "outside_gamma_network_mev": 3.4718261049115506,
      "outside_tetra_closure_mev": 0.0,
      "outside_post_alpha_mev": 0.0,
      "inside_mev": 0.8787321488528954,
      "outside_mev": 7.542009148717631,
      "total_curvature_mev": 8.420741297570526,
      "be_per_a_curvature": 2.806913765856842,
      "horizon_scale_witness_mev": 22.828445621336222,
      "binding_constructive_ladder_mev": 4.393374519344427,
      "binding_caustic_curvature_mev": 10.390584491076321,
      "pdg_binding_total_mev": 8.4818,
      "pdg_be_per_a_mev": 2.8272666666666666,
      "curvature_total_error_pct": -0.7198790637538466,
      "notes": "network: ladder+\u03b3+tetra+post\u03b1; D_intr=1.250 mass\u00d71.0006."
    },
    {
      "label": "\u00b3He",
      "A": 3,
      "Z": 2,
      "m": 4,
      "m_cluster": 5,
      "theta_rad": 0.8190580846859103,
      "eta": 0.5214285714285715,
      "g_eff_contact": 0.6765764775702222,
      "trace_mev": 0.8786749038688855,
      "contact_units": 4.0,
      "intrinsic_well_deepening": 1.25,
      "mass_deficit_factor": 1.0005470106954089,
      "outside_ladder_mev": 3.7155673211810254,
      "outside_gamma_network_mev": 3.4718261049115506,
      "outside_tetra_closure_mev": 0.0,
      "outside_post_alpha_mev": 0.0,
      "inside_mev": 0.8787321488528954,
      "outside_mev": 6.819940862554166,
      "total_curvature_mev": 7.698673011407061,
      "be_per_a_curvature": 2.566224337135687,
      "horizon_scale_witness_mev": 22.828445621336222,
      "binding_constructive_ladder_mev": 4.393374519344427,
      "binding_caustic_curvature_mev": 10.390584491076321,
      "pdg_binding_total_mev": 7.718,
      "pdg_be_per_a_mev": 2.5726666666666667,
      "curvature_total_error_pct": -0.25041446738712847,
      "notes": "network: ladder+\u03b3+tetra+post\u03b1; D_intr=1.250 mass\u00d71.0005."
    },
    {
      "label": "\u2074He",
      "A": 4,
      "Z": 2,
      "m": 4,
      "m_cluster": 6,
      "theta_rad": 0.7477311086222646,
      "eta": 0.4760204081632653,
      "g_eff_contact": 0.640582903242416,
      "trace_mev": 0.8786749038688855,
      "contact_units": 6.0,
      "intrinsic_well_deepening": 1.4166666666666665,
      "mass_deficit_factor": 1.0014807523112175,
      "outside_ladder_mev": 6.379126703834589,
      "outside_gamma_network_mev": 8.220317783843317,
      "outside_tetra_closure_mev": 10.546822817006522,
      "outside_post_alpha_mev": 0.0,
      "inside_mev": 2.4422941465750263,
      "outside_mev": 25.34467711538226,
      "total_curvature_mev": 27.786971261957287,
      "be_per_a_curvature": 6.946742815489322,
      "horizon_scale_witness_mev": 32.42097336537109,
      "binding_constructive_ladder_mev": 7.029399230951084,
      "binding_caustic_curvature_mev": 20.453946016225633,
      "pdg_binding_total_mev": 28.2957,
      "pdg_be_per_a_mev": 7.073925,
      "curvature_total_error_pct": -1.797901228959569,
      "notes": "network: ladder+\u03b3+tetra+post\u03b1; D_intr=1.417 mass\u00d71.0015."
    },
    {
      "label": "\u2075Li",
      "A": 5,
      "Z": 3,
      "m": 4,
      "m_cluster": 6,
      "theta_rad": 0.7477311086222646,
      "eta": 0.4760204081632653,
      "g_eff_contact": 0.640582903242416,
      "trace_mev": 0.8786749038688855,
      "contact_units": 7.583333333333333,
      "intrinsic_well_deepening": 1.5,
      "mass_deficit_factor": 1.0011079003632644,
      "outside_ladder_mev": 0.0,
      "outside_gamma_network_mev": -0.20102109237549212,
      "outside_tetra_closure_mev": 0.0,
      "outside_post_alpha_mev": -0.20102109237549212,
      "inside_mev": 3.052867683218783,
      "outside_mev": 22.934931999612882,
      "total_curvature_mev": 25.987799682831664,
      "be_per_a_curvature": 5.197559936566333,
      "horizon_scale_witness_mev": 37.82446892626627,
      "binding_constructive_ladder_mev": 9.518978125246258,
      "binding_caustic_curvature_mev": 22.86568473983445,
      "pdg_binding_total_mev": 26.33,
      "pdg_be_per_a_mev": 5.266,
      "curvature_total_error_pct": -1.299659389169519,
      "notes": "network: ladder+\u03b3+tetra+post\u03b1; D_intr=1.500 mass\u00d71.0011."
    },
    {
      "label": "\u2075Be",
      "A": 5,
      "Z": 4,
      "m": 4,
      "m_cluster": 6,
      "theta_rad": 0.7477311086222646,
      "eta": 0.4760204081632653,
      "g_eff_contact": 0.640582903242416,
      "trace_mev": 0.8786749038688855,
      "contact_units": 9.533333333333335,
      "intrinsic_well_deepening": 1.5833333333333333,
      "mass_deficit_factor": 1.0010874592594874,
      "outside_ladder_mev": 0.0,
      "outside_gamma_network_mev": -1.0068755826105398,
      "outside_tetra_closure_mev": 0.0,
      "outside_post_alpha_mev": -1.0068755826105398,
      "inside_mev": 3.052867683218783,
      "outside_mev": 22.45544907148571,
      "total_curvature_mev": 25.50831675470449,