{
  "source": "scripts/hqiv_dynamic_beta_isotope.py",
  "lean_module": "Hqiv.Physics.DynamicBetaIsotope",
  "lockin_xi": 5.0,
  "bbn_xi_at_0_1_MeV": 1.2209e+23,
  "lockin": [
    {
      "name": "p",
      "A": 1,
      "Z": 1,
      "valley_count": 0,
      "mass_budget_mev": 938.272,
      "proton_mass_mev": 938.272,
      "neutron_mass_mev": 939.565,
      "delta_m_mev": 1.2930000000000064,
      "beta_minus_mass_gap_mev": 1.2930000000000064,
      "beta_minus_overlap_mev": 1.0,
      "beta_minus_residual_mev": 0.29300000000000637,
      "beta_plus_mass_gap_mev": -1.2930000000000064,
      "beta_plus_overlap_mev": 1.0,
      "beta_plus_residual_mev": -2.2930000000000064,
      "weak_width_policy": "separate G_F/electric-tipping slot; not inferred from overlap"
    },
    {
      "name": "n",
      "A": 1,
      "Z": 0,
      "valley_count": 0,
      "mass_budget_mev": 939.565,
      "proton_mass_mev": 938.272,
      "neutron_mass_mev": 939.565,
      "delta_m_mev": 1.2930000000000064,
      "beta_minus_mass_gap_mev": 1.2930000000000064,
      "beta_minus_overlap_mev": 1.0,
      "beta_minus_residual_mev": 0.29300000000000637,
      "beta_plus_mass_gap_mev": -1.2930000000000064,
      "beta_plus_overlap_mev": 1.0,
      "beta_plus_residual_mev": -2.2930000000000064,
      "weak_width_policy": "separate G_F/electric-tipping slot; not inferred from overlap"
    },
    {
      "name": "D",
      "A": 2,
      "Z": 1,
      "valley_count": 2,
      "mass_budget_mev": 1869.6416966936526,
      "proton_mass_mev": 934.1743483468264,
      "neutron_mass_mev": 935.4673483468264,
      "delta_m_mev": 1.2930000000000064,
      "beta_minus_mass_gap_mev": 1.2930000000000064,
      "beta_minus_overlap_mev": 1.0,
      "beta_minus_residual_mev": 0.29300000000000637,
      "beta_plus_mass_gap_mev": -1.2930000000000064,
      "beta_plus_overlap_mev": 1.0,
      "beta_plus_residual_mev": -2.2930000000000064,
      "weak_width_policy": "separate G_F/electric-tipping slot; not inferred from overlap"
    },
    {
      "name": "He3",
      "A": 3,
      "Z": 2,
      "valley_count": 4,
      "mass_budget_mev": 2805.718415508924,
      "proton_mass_mev": 934.808471836308,
      "neutron_mass_mev": 936.101471836308,
      "delta_m_mev": 1.2930000000000064,
      "beta_minus_mass_gap_mev": 1.2930000000000064,
      "beta_minus_overlap_mev": 1.0,
      "beta_minus_residual_mev": 0.29300000000000637,
      "beta_plus_mass_gap_mev": -1.2930000000000064,
      "beta_plus_overlap_mev": 1.0,
      "beta_plus_residual_mev": -2.2930000000000064,
      "weak_width_policy": "separate G_F/electric-tipping slot; not inferred from overlap"
    },
    {
      "name": "He4",
      "A": 4,
      "Z": 2,
      "valley_count": 6,
      "mass_budget_mev": 3735.220053983775,
      "proton_mass_mev": 933.1585134959437,
      "neutron_mass_mev": 934.4515134959437,
      "delta_m_mev": 1.2930000000000064,
      "beta_minus_mass_gap_mev": 1.2930000000000064,
      "beta_minus_overlap_mev": 1.0,
      "beta_minus_residual_mev": 0.29300000000000637,
      "beta_plus_mass_gap_mev": -1.2930000000000064,
      "beta_plus_overlap_mev": 1.0,
      "beta_plus_residual_mev": -2.2930000000000064,
      "weak_width_policy": "separate G_F/electric-tipping slot; not inferred from overlap"
    }
  ],
  "bbn_0_1_MeV": [
    {
      "name": "p",
      "A": 1,
      "Z": 1,
      "valley_count": 0,
      "mass_budget_mev": 938.4612894003703,
      "proton_mass_mev": 938.4612894003703,
      "neutron_mass_mev": 939.7542894003703,
      "delta_m_mev": 1.2930000000000064,
      "beta_minus_mass_gap_mev": 1.2930000000000064,
      "beta_minus_overlap_mev": 1.0,
      "beta_minus_residual_mev": 0.29300000000000637,
      "beta_plus_mass_gap_mev": -1.2930000000000064,
      "beta_plus_overlap_mev": 0.7845740221589282,
      "beta_plus_residual_mev": -2.0775740221589345,
      "weak_width_policy": "separate G_F/electric-tipping slot; not inferred from overlap"
    },
    {
      "name": "n",
      "A": 1,
      "Z": 0,
      "valley_count": 0,
      "mass_budget_mev": 939.7542894003703,
      "proton_mass_mev": 938.4612894003703,
      "neutron_mass_mev": 939.7542894003703,
      "delta_m_mev": 1.2930000000000064,
      "beta_minus_mass_gap_mev": 1.2930000000000064,
      "beta_minus_overlap_mev": 1.0,
      "beta_minus_residual_mev": 0.29300000000000637,
      "beta_plus_mass_gap_mev": -1.2930000000000064,
      "beta_plus_overlap_mev": 0.7845740221589282,
      "beta_plus_residual_mev": -2.0775740221589345,
      "weak_width_policy": "separate G_F/electric-tipping slot; not inferred from overlap"
    },
    {
      "name": "D",
      "A": 2,
      "Z": 1,
      "valley_count": 2,
      "mass_budget_mev": 1871.1526628495267,
      "proton_mass_mev": 934.9298314247634,
      "neutron_mass_mev": 936.2228314247634,
      "delta_m_mev": 1.2930000000000064,
      "beta_minus_mass_gap_mev": 1.2930000000000064,
      "beta_minus_overlap_mev": 1.0,
      "beta_minus_residual_mev": 0.29300000000000637,
      "beta_plus_mass_gap_mev": -1.2930000000000064,
      "beta_plus_overlap_mev": 0.8386897291155755,
      "beta_plus_residual_mev": -2.131689729115582,
      "weak_width_policy": "separate G_F/electric-tipping slot; not inferred from overlap"
    },
    {
      "name": "He3",
      "A": 3,
      "Z": 2,
      "valley_count": 4,
      "mass_budget_mev": 2807.677992847148,
      "proton_mass_mev": 935.4616642823826,
      "neutron_mass_mev": 936.7546642823826,
      "delta_m_mev": 1.2930000000000064,
      "beta_minus_mass_gap_mev": 1.2930000000000064,
      "beta_minus_overlap_mev": 1.0,
      "beta_minus_residual_mev": 0.29300000000000637,
      "beta_plus_mass_gap_mev": -1.2930000000000064,
      "beta_plus_overlap_mev": 0.8386897291155755,
      "beta_plus_residual_mev": -2.131689729115582,
      "weak_width_policy": "separate G_F/electric-tipping slot; not inferred from overlap"
    },
    {
      "name": "He4",
      "A": 4,
      "Z": 2,
      "valley_count": 6,
      "mass_budget_mev": 3738.6924755729933,
      "proton_mass_mev": 934.0266188932483,
      "neutron_mass_mev": 935.3196188932483,
      "delta_m_mev": 1.2930000000000064,
      "beta_minus_mass_gap_mev": 1.2930000000000064,
      "beta_minus_overlap_mev": 1.0,
      "beta_minus_residual_mev": 0.29300000000000637,
      "beta_plus_mass_gap_mev": -1.2930000000000064,
      "beta_plus_overlap_mev": 0.8386897291155755,
      "beta_plus_residual_mev": -2.131689729115582,
      "weak_width_policy": "separate G_F/electric-tipping slot; not inferred from overlap"
    }
  ]
}
