{
  "source": "scripts/hqiv_isotope_stability_halflife.py",
  "lean_module": "Hqiv.Physics.DynamicIsotopeStability",
  "label_policy": "P120 means proton-count 120 with default A=2Z; pass --A/--Z to override",
  "em_tipping_qualified": false,
  "lab_temperature_K": 2.725,
  "neutrino_mass_mev": 4.1098720206098567e-10,
  "lab_gravity_phi_epsilon_default": 6.14612566152857e-07,
  "lab_gravity_binding_stack_default": {
    "earth": 6.953485068002883e-10,
    "sun": 9.870628715107786e-09,
    "galaxy": 6.040465889309489e-07,
    "molecular": 0.0,
    "total": 6.14612566152857e-07,
    "total_gravity": 6.14612566152857e-07
  },
  "earth_surface_phi_epsilon": 6.953485068002883e-10,
  "solar_phi_epsilon_at_1au": 9.870628715107786e-09,
  "galactic_circular_phi_epsilon": 6.040465889309489e-07,
  "electron_mass_mev": 0.5109989461,
  "weak_bridge_shape": 0.05555555555555555,
  "lockin": {
    "label": "Z2A4",
    "A": 4,
    "Z": 2,
    "N": 2,
    "xi": 5.0,
    "well_shield_mev": 5.113486504056408,
    "width_well_shield_mev": 5.3638106182344485,
    "cluster_caustic_total_mev": 20.453946016225633,
    "own_binding_mev": 0.8786749038688855,
    "beta_minus_raw_residual_mev": 0.29300000000000637,
    "beta_plus_raw_residual_mev": -2.2930000000000064,
    "beta_minus_endpoint_q_mev": null,
    "beta_plus_endpoint_q_mev": null,
    "neutron_excess_drive_mev": 0.0,
    "proton_excess_drive_mev": 0.0,
    "beta_minus_effective_residual_mev": -4.820486504056402,
    "beta_plus_effective_residual_mev": -7.4064865040564145,
    "structurally_shielded": true,
    "em_tipping_qualified": false,
    "active_channel": "unqualified",
    "dynamically_stable": false,
    "lab_temperature_K": 2.725,
    "lab_gravity_phi_epsilon": 6.14612566152857e-07,
    "lab_gravity_binding_stack": {
      "earth": 6.953485068002883e-10,
      "sun": 9.870628715107786e-09,
      "galaxy": 6.040465889309489e-07,
      "molecular": 0.0,
      "total": 6.14612566152857e-07,
      "total_gravity": 6.14612566152857e-07
    },
    "lab_molecular_host": null,
    "lab_outside_gravity_factor": 1.0000001475069977,
    "lab_outside_curvature_factor": 0.999999852493024,
    "local_curvature_neutrino_opacity_barn": 320401628.29693925,
    "local_curvature_weak_width_factor": 1.0,
    "local_curvature_weak_width_factor_low": 1.0,
    "local_curvature_weak_width_factor_high": 1.0,
    "neutrino_mass_mev": 4.1098720206098567e-10,
    "weak_bridge_energy_mev": 2.2832622336721425e-11,
    "beta_phase_space_q_mev": null,
    "half_life_seconds": null,
    "half_life_label": "unqualified: EM tipping not locked",
    "notes": "endpoint Q + valley geometry; outside support = temperature + gravity stack (full); local \u03bd opacity width \u00d7 1.000000 (1.000000\u20131.000000)"
  },
  "bbn_0_1_MeV": {
    "label": "Z2A4",
    "A": 4,
    "Z": 2,
    "N": 2,
    "xi": 1.2209e+23,
    "well_shield_mev": 4.387120393514086,
    "width_well_shield_mev": 4.601886852055192,
    "cluster_caustic_total_mev": 17.548481574056343,
    "own_binding_mev": 0.7369356171064498,
    "beta_minus_raw_residual_mev": 0.29300000000000637,
    "beta_plus_raw_residual_mev": -2.131689729115582,
    "beta_minus_endpoint_q_mev": null,
    "beta_plus_endpoint_q_mev": null,
    "neutron_excess_drive_mev": 0.0,
    "proton_excess_drive_mev": 0.0,
    "beta_minus_effective_residual_mev": -4.094120393514079,
    "beta_plus_effective_residual_mev": -6.5188101226296675,
    "structurally_shielded": true,
    "em_tipping_qualified": false,
    "active_channel": "unqualified",
    "dynamically_stable": false,
    "lab_temperature_K": 2.725,
    "lab_gravity_phi_epsilon": 6.14612566152857e-07,
    "lab_gravity_binding_stack": {
      "earth": 6.953485068002883e-10,
      "sun": 9.870628715107786e-09,
      "galaxy": 6.040465889309489e-07,
      "molecular": 0.0,
      "total": 6.14612566152857e-07,
      "total_gravity": 6.14612566152857e-07
    },
    "lab_molecular_host": null,
    "lab_outside_gravity_factor": 1.0000001475069977,
    "lab_outside_curvature_factor": 0.999999852493024,
    "local_curvature_neutrino_opacity_barn": 320401628.29693925,
    "local_curvature_weak_width_factor": 1.0,
    "local_curvature_weak_width_factor_low": 1.0,
    "local_curvature_weak_width_factor_high": 1.0,
    "neutrino_mass_mev": 4.1098720206098567e-10,
    "weak_bridge_energy_mev": 2.2832622336721425e-11,
    "beta_phase_space_q_mev": null,
    "half_life_seconds": null,
    "half_life_label": "unqualified: EM tipping not locked",
    "notes": "endpoint Q + valley geometry; outside support = temperature + gravity stack (full); local \u03bd opacity width \u00d7 1.000000 (1.000000\u20131.000000)"
  }
}
